{"name": ["yuchun", "anonymous"], "time": [57.212691349123648, 61.412861347198486], "click_counts": [68, 72]}