{"name": ["anonymous", "anonymous", "anonymous", "anonymous", "yuchun"], "time": [56.027926206588745, 38.94964146614075, 71.7681052684784, 33.90402412414551, 34.75469398498535], "click_counts": [54, 54, 78, 44, 48]}